"Path","Category","Reason","DuplicateBranch","LastWrite","Recent24h","Summary"
".blobconn.txt","E","Configuration or potential secret-bearing file (owner review required)",,"5/10/2026 2:39:56 PM","False","Non-source/support artifact"
".data/dailyiq-watchlists.json","A","Build artifact / workspace-local state / IDE or temp output",,"5/8/2026 8:38:19 PM","False","Non-source/support artifact"
".github/copilot-instructions.md","D","Untracked non-core file requiring owner verification before discard",,"5/10/2026 10:06:25 AM","False","Markdown documentation draft"
".vscode/extensions.json","A","Build artifact / workspace-local state / IDE or temp output",,"5/13/2026 8:01:38 AM","False","Non-source/support artifact"
".vscode/launch.json","A","Build artifact / workspace-local state / IDE or temp output",,"5/13/2026 8:01:37 AM","False","Non-source/support artifact"
".vscode/settings.json","A","Build artifact / workspace-local state / IDE or temp output",,"5/13/2026 8:01:38 AM","False","Non-source/support artifact"
".vscode/tasks.json","A","Build artifact / workspace-local state / IDE or temp output",,"5/13/2026 8:01:37 AM","False","Non-source/support artifact"
"AddCardView.swift","C","Substantive source/test/doc candidate not preserved in known isolated PR branches",,"5/6/2026 9:50:03 PM","False","SwiftUI View struct AddCardView"
"BacktestAdminView.swift","C","Substantive source/test/doc candidate not preserved in known isolated PR branches",,"5/10/2026 1:14:51 PM","False","SwiftUI View struct BacktestAdminView"
"CardDashboardView.swift","C","Substantive source/test/doc candidate not preserved in known isolated PR branches",,"5/13/2026 8:07:04 AM","False","SwiftUI View struct CardDashboardView"
"CardDetailView.swift","C","Substantive source/test/doc candidate not preserved in known isolated PR branches",,"5/12/2026 10:56:27 AM","False","SwiftUI View struct CardDetailView"
"CardInventoryView.swift","C","Substantive source/test/doc candidate not preserved in known isolated PR branches",,"5/13/2026 8:06:57 AM","False","SwiftUI View struct CardInventoryView"
"CardItem.swift","C","Substantive source/test/doc candidate not preserved in known isolated PR branches",,"5/10/2026 12:19:15 PM","False","Swift class CardItem"
"CardSaleRecord.swift","C","Substantive source/test/doc candidate not preserved in known isolated PR branches",,"5/6/2026 9:22:04 PM","False","Swift class CardSaleRecord"
"CardScanResultView.swift","C","Substantive source/test/doc candidate not preserved in known isolated PR branches",,"5/10/2026 2:34:46 PM","False","SwiftUI View struct CardScanResultView"
"CardScannerService.swift","C","Substantive source/test/doc candidate not preserved in known isolated PR branches",,"5/10/2026 2:34:46 PM","False","Swift class CardScannerService"
"CardScannerView.swift","C","Substantive source/test/doc candidate not preserved in known isolated PR branches",,"5/10/2026 2:34:46 PM","False","SwiftUI View struct CardScannerView"
"CompIQImageResolver.swift","C","Substantive source/test/doc candidate not preserved in known isolated PR branches",,"5/10/2026 11:30:22 AM","False","SwiftUI module"
"CompIQService.swift","C","Substantive source/test/doc candidate not preserved in known isolated PR branches",,"5/12/2026 10:56:27 AM","False","Swift enum/module CompIQServiceError"
"DailyIQService.swift","C","Substantive source/test/doc candidate not preserved in known isolated PR branches",,"5/11/2026 3:17:50 PM","False","Swift enum/module CodingKeys"
"DailyIQViewModel.swift","C","Substantive source/test/doc candidate not preserved in known isolated PR branches",,"5/10/2026 2:33:27 PM","False","Swift class DailyIQViewModel"
"Extensions.swift","C","Substantive source/test/doc candidate not preserved in known isolated PR branches",,"5/6/2026 9:26:24 PM","False","Source/support file (manual review)"
"GradingHelperView.swift","C","Substantive source/test/doc candidate not preserved in known isolated PR branches",,"5/6/2026 9:25:53 PM","False","SwiftUI View struct GradingHelperView"
"GradingPipelineView.swift","C","Substantive source/test/doc candidate not preserved in known isolated PR branches",,"5/6/2026 8:31:40 PM","False","SwiftUI View struct GradingPipelineView"
"InventoryRefreshService.swift","C","Substantive source/test/doc candidate not preserved in known isolated PR branches",,"5/13/2026 8:06:21 AM","False","Swift class InventoryRefreshService"
"ListingComposerView.swift","C","Substantive source/test/doc candidate not preserved in known isolated PR branches",,"5/10/2026 12:50:20 PM","False","SwiftUI View struct ListingComposerView"
"PortfolioDashboardHome.swift","C","Substantive source/test/doc candidate not preserved in known isolated PR branches",,"5/7/2026 7:04:38 PM","False","SwiftUI View struct PortfolioDashboardHome"
"PortfolioHeatMapView.swift","C","Substantive source/test/doc candidate not preserved in known isolated PR branches",,"5/11/2026 3:35:09 PM","False","Swift class PortfolioHeatMapViewModel"
"PortfolioInventoryView.swift","C","Substantive source/test/doc candidate not preserved in known isolated PR branches",,"5/6/2026 10:07:06 PM","False","SwiftUI View struct PortfolioInventoryView"
"PortfolioRootView.swift","C","Substantive source/test/doc candidate not preserved in known isolated PR branches",,"5/10/2026 2:24:34 PM","False","SwiftUI View struct PortfolioRootView"
"PortfolioSettingsView.swift","C","Substantive source/test/doc candidate not preserved in known isolated PR branches",,"5/10/2026 1:14:51 PM","False","SwiftUI View struct PortfolioSettingsView"
"PreviewSampleCards.swift","C","Substantive source/test/doc candidate not preserved in known isolated PR branches",,"5/6/2026 9:22:04 PM","False","Swift enum/module PreviewSampleCards"
"RecentCompsListView.swift","C","Substantive source/test/doc candidate not preserved in known isolated PR branches",,"5/12/2026 10:56:27 AM","False","SwiftUI View struct RecentCompsListView"
"SalesTrackerView.swift","C","Substantive source/test/doc candidate not preserved in known isolated PR branches",,"5/6/2026 8:10:53 PM","False","SwiftUI View struct SalesTrackerView"
"SearchIQOrchestrator.swift","C","Substantive source/test/doc candidate not preserved in known isolated PR branches",,"5/15/2026 9:20:24 AM","False","Swift class SearchIQOrchestrator"
"SearchResultView.swift","C","Substantive source/test/doc candidate not preserved in known isolated PR branches",,"5/15/2026 9:20:24 AM","False","SwiftUI View struct SearchResultView"
"SellCardSheet.swift","C","Substantive source/test/doc candidate not preserved in known isolated PR branches",,"5/6/2026 9:25:53 PM","False","SwiftUI View struct SellCardSheet"
"WatchlistView.swift","C","Substantive source/test/doc candidate not preserved in known isolated PR branches",,"5/11/2026 3:20:47 PM","False","SwiftUI View struct WatchlistView"
"_b3.py","D","Untracked non-core file requiring owner verification before discard",,"5/11/2026 9:10:53 PM","False","Non-source/support artifact"
"apps/web/src/components/PortfolioView.css","D","Untracked non-core file requiring owner verification before discard",,"5/8/2026 8:30:23 PM","False","Non-source/support artifact"
"apps/web/src/features/portfolio/screens/PortfolioScreen.css","D","Untracked non-core file requiring owner verification before discard",,"5/8/2026 8:44:03 PM","False","Non-source/support artifact"
"apps/web/src/pages/SearchPage.css","D","Untracked non-core file requiring owner verification before discard",,"5/8/2026 8:45:39 PM","False","Non-source/support artifact"
"backend/.tmp-cardhedger-probe.cjs","D","Likely exploration/scratch artifact by name pattern",,"5/17/2026 7:42:29 AM","True","Non-source/support artifact"
"backend/_policy_tmp.json","D","Untracked non-core file requiring owner verification before discard",,"5/14/2026 10:18:13 AM","False","Non-source/support artifact"
"backend/data/beckett-sweep/2020/Bowman-Chrome.json","D","Untracked non-core file requiring owner verification before discard",,"5/16/2026 9:31:07 PM","True","Non-source/support artifact"
"backend/data/beckett-sweep/2020/Bowman-Draft.json","D","Untracked non-core file requiring owner verification before discard",,"5/16/2026 9:31:15 PM","True","Non-source/support artifact"
"backend/data/beckett-sweep/2020/Bowman-Platinum.json","D","Untracked non-core file requiring owner verification before discard",,"5/16/2026 9:31:23 PM","True","Non-source/support artifact"
"backend/data/beckett-sweep/2020/Bowman-Sterling.json","D","Untracked non-core file requiring owner verification before discard",,"5/16/2026 9:31:16 PM","True","Non-source/support artifact"
"backend/data/beckett-sweep/2020/Bowman-Transcendent.json","D","Untracked non-core file requiring owner verification before discard",,"5/16/2026 9:31:54 PM","True","Non-source/support artifact"
"backend/data/beckett-sweep/2020/Bowman-s-Best.json","D","Untracked non-core file requiring owner verification before discard",,"5/16/2026 9:31:25 PM","True","Non-source/support artifact"
"backend/data/beckett-sweep/2020/Topps-Dynasty.json","D","Untracked non-core file requiring owner verification before discard",,"5/16/2026 10:33:12 PM","True","Non-source/support artifact"
"backend/data/beckett-sweep/2020/Topps-Gold-Label.json","D","Untracked non-core file requiring owner verification before discard",,"5/16/2026 10:33:42 PM","True","Non-source/support artifact"
"backend/data/beckett-sweep/2020/Topps-Triple-Threads.json","D","Untracked non-core file requiring owner verification before discard",,"5/16/2026 10:33:05 PM","True","Non-source/support artifact"
"backend/data/beckett-sweep/2021/Bowman-Chrome.json","D","Untracked non-core file requiring owner verification before discard",,"5/16/2026 9:32:00 PM","True","Non-source/support artifact"
"backend/data/beckett-sweep/2021/Bowman-Draft.json","D","Untracked non-core file requiring owner verification before discard",,"5/16/2026 9:32:08 PM","True","Non-source/support artifact"
"backend/data/beckett-sweep/2021/Bowman-Inception.json","D","Untracked non-core file requiring owner verification before discard",,"5/16/2026 9:32:26 PM","True","Non-source/support artifact"
"backend/data/beckett-sweep/2021/Bowman-Mega.json","D","Untracked non-core file requiring owner verification before discard",,"5/16/2026 9:32:36 PM","True","Non-source/support artifact"
"backend/data/beckett-sweep/2021/Bowman-Platinum.json","D","Untracked non-core file requiring owner verification before discard",,"5/16/2026 9:32:15 PM","True","Non-source/support artifact"
"backend/data/beckett-sweep/2021/Bowman-Sterling.json","D","Untracked non-core file requiring owner verification before discard",,"5/16/2026 9:32:11 PM","True","Non-source/support artifact"
"backend/data/beckett-sweep/2021/Bowman-Transcendent.json","D","Untracked non-core file requiring owner verification before discard",,"5/16/2026 9:32:30 PM","True","Non-source/support artifact"
"backend/data/beckett-sweep/2021/Bowman-s-Best.json","D","Untracked non-core file requiring owner verification before discard",,"5/16/2026 9:32:22 PM","True","Non-source/support artifact"
"backend/data/beckett-sweep/2021/Bowman.json","D","Untracked non-core file requiring owner verification before discard",,"5/16/2026 9:31:57 PM","True","Non-source/support artifact"
"backend/data/beckett-sweep/2021/Donruss-Optic.json","D","Untracked non-core file requiring owner verification before discard",,"5/16/2026 10:36:54 PM","True","Non-source/support artifact"
"backend/data/beckett-sweep/2021/Donruss.json","D","Untracked non-core file requiring owner verification before discard",,"5/16/2026 10:36:49 PM","True","Non-source/support artifact"
"backend/data/beckett-sweep/2021/Topps-Definitive-Collection.json","D","Untracked non-core file requiring owner verification before discard",,"5/16/2026 10:36:06 PM","True","Non-source/support artifact"
"backend/data/beckett-sweep/2021/Topps-Finest.json","D","Untracked non-core file requiring owner verification before discard",,"5/16/2026 10:36:22 PM","True","Non-source/support artifact"
"backend/data/beckett-sweep/2021/Topps-Fire.json","D","Untracked non-core file requiring owner verification before discard",,"5/16/2026 10:36:29 PM","True","Non-source/support artifact"
"backend/data/beckett-sweep/2021/Topps-Five-Star.json","D","Untracked non-core file requiring owner verification before discard",,"5/16/2026 10:36:14 PM","True","Non-source/support artifact"
"backend/data/beckett-sweep/2021/Topps-Gold-Label.json","D","Untracked non-core file requiring owner verification before discard",,"5/16/2026 10:36:33 PM","True","Non-source/support artifact"
"backend/data/beckett-sweep/2021/Topps-Heritage.json","D","Untracked non-core file requiring owner verification before discard",,"5/16/2026 10:35:30 PM","True","Non-source/support artifact"
"backend/data/beckett-sweep/2021/Topps-Inception.json","D","Untracked non-core file requiring owner verification before discard",,"5/16/2026 10:36:24 PM","True","Non-source/support artifact"
"backend/data/beckett-sweep/2021/Topps-Museum-Collection.json","D","Untracked non-core file requiring owner verification before discard",,"5/16/2026 10:36:21 PM","True","Non-source/support artifact"
"backend/data/beckett-sweep/2021/Topps-Opening-Day.json","D","Untracked non-core file requiring owner verification before discard",,"5/16/2026 10:36:37 PM","True","Non-source/support artifact"
"backend/data/beckett-sweep/2021/Topps-Stadium-Club.json","D","Untracked non-core file requiring owner verification before discard",,"5/16/2026 10:35:44 PM","True","Non-source/support artifact"
"backend/data/beckett-sweep/2021/Topps-Tier-One.json","D","Untracked non-core file requiring owner verification before discard",,"5/16/2026 10:36:02 PM","True","Non-source/support artifact"
"backend/data/beckett-sweep/2021/Topps-Tribute.json","D","Untracked non-core file requiring owner verification before discard",,"5/16/2026 10:36:39 PM","True","Non-source/support artifact"
"backend/data/beckett-sweep/2021/Topps-Triple-Threads.json","D","Untracked non-core file requiring owner verification before discard",,"5/16/2026 10:36:08 PM","True","Non-source/support artifact"
"backend/data/beckett-sweep/2022/Bowman-Chrome.json","D","Untracked non-core file requiring owner verification before discard",,"5/16/2026 9:32:44 PM","True","Non-source/support artifact"
"backend/data/beckett-sweep/2022/Bowman-Draft.json","D","Untracked non-core file requiring owner verification before discard",,"5/16/2026 9:32:53 PM","True","Non-source/support artifact"
"backend/data/beckett-sweep/2022/Bowman-Mega.json","D","Untracked non-core file requiring owner verification before discard",,"5/16/2026 9:33:27 PM","True","Non-source/support artifact"
"backend/data/beckett-sweep/2022/Bowman-Platinum.json","D","Untracked non-core file requiring owner verification before discard",,"5/16/2026 9:33:01 PM","True","Non-source/support artifact"
"backend/data/beckett-sweep/2022/Bowman-Sterling.json","D","Untracked non-core file requiring owner verification before discard",,"5/16/2026 9:32:54 PM","True","Non-source/support artifact"
"backend/data/beckett-sweep/2022/Bowman-Transcendent.json","D","Untracked non-core file requiring owner verification before discard",,"5/16/2026 9:33:43 PM","True","Non-source/support artifact"
"backend/data/beckett-sweep/2022/Bowman.json","D","Untracked non-core file requiring owner verification before discard",,"5/16/2026 9:32:37 PM","True","Non-source/support artifact"
"backend/data/beckett-sweep/2022/Donruss.json","D","Untracked non-core file requiring owner verification before discard",,"5/16/2026 10:39:39 PM","True","Non-source/support artifact"
"backend/data/beckett-sweep/2022/Topps-Archives.json","D","Untracked non-core file requiring owner verification before discard",,"5/16/2026 10:38:43 PM","True","Non-source/support artifact"
"backend/data/beckett-sweep/2022/Topps-Chrome.json","D","Untracked non-core file requiring owner verification before discard",,"5/16/2026 10:38:05 PM","True","Non-source/support artifact"
"backend/data/beckett-sweep/2022/Topps-Definitive-Collection.json","D","Untracked non-core file requiring owner verification before discard",,"5/16/2026 10:38:53 PM","True","Non-source/support artifact"
"backend/data/beckett-sweep/2022/Topps-Gypsy-Queen.json","D","Untracked non-core file requiring owner verification before discard",,"5/16/2026 10:38:38 PM","True","Non-source/support artifact"
"backend/data/beckett-sweep/2022/Topps-Heritage.json","D","Untracked non-core file requiring owner verification before discard",,"5/16/2026 10:38:09 PM","True","Non-source/support artifact"
"backend/data/beckett-sweep/2022/Topps-Museum-Collection.json","D","Untracked non-core file requiring owner verification before discard",,"5/16/2026 10:39:03 PM","True","Non-source/support artifact"
"backend/data/beckett-sweep/2022/Topps-Opening-Day.json","D","Untracked non-core file requiring owner verification before discard",,"5/16/2026 10:39:32 PM","True","Non-source/support artifact"
"backend/data/beckett-sweep/2022/Topps-Pro-Debut.json","D","Untracked non-core file requiring owner verification before discard",,"5/16/2026 10:39:38 PM","True","Non-source/support artifact"
"backend/data/beckett-sweep/2022/Topps-Tribute.json","D","Untracked non-core file requiring owner verification before discard",,"5/16/2026 10:39:37 PM","True","Non-source/support artifact"
"backend/data/beckett-sweep/2023/Bowman-Chrome.json","D","Untracked non-core file requiring owner verification before discard",,"5/16/2026 9:33:52 PM","True","Non-source/support artifact"
"backend/data/beckett-sweep/2023/Bowman-Draft.json","D","Untracked non-core file requiring owner verification before discard",,"5/16/2026 9:33:59 PM","True","Non-source/support artifact"
"backend/data/beckett-sweep/2023/Bowman-Mega.json","D","Untracked non-core file requiring owner verification before discard",,"5/16/2026 9:34:35 PM","True","Non-source/support artifact"
"backend/data/beckett-sweep/2023/Bowman-Platinum.json","D","Untracked non-core file requiring owner verification before discard",,"5/16/2026 9:34:08 PM","True","Non-source/support artifact"
"backend/data/beckett-sweep/2023/Bowman-Sterling.json","D","Untracked non-core file requiring owner verification before discard",,"5/16/2026 9:34:07 PM","True","Non-source/support artifact"
"backend/data/beckett-sweep/2023/Bowman-s-Best.json","D","Untracked non-core file requiring owner verification before discard",,"5/16/2026 9:34:16 PM","True","Non-source/support artifact"
"backend/data/beckett-sweep/2023/Bowman.json","D","Untracked non-core file requiring owner verification before discard",,"5/16/2026 9:33:49 PM","True","Non-source/support artifact"
"backend/data/beckett-sweep/2023/Donruss.json","D","Untracked non-core file requiring owner verification before discard",,"5/16/2026 10:42:42 PM","True","Non-source/support artifact"
"backend/data/beckett-sweep/2023/Topps-Big-League.json","D","Untracked non-core file requiring owner verification before discard",,"5/16/2026 10:42:10 PM","True","Non-source/support artifact"
"backend/data/beckett-sweep/2023/Topps-Chrome-Update.json","D","Untracked non-core file requiring owner verification before discard",,"5/16/2026 10:41:06 PM","True","Non-source/support artifact"
"backend/data/beckett-sweep/2023/Topps-Finest.json","D","Untracked non-core file requiring owner verification before discard",,"5/16/2026 10:42:07 PM","True","Non-source/support artifact"
"backend/data/beckett-sweep/2023/Topps-Heritage.json","D","Untracked non-core file requiring owner verification before discard",,"5/16/2026 10:41:08 PM","True","Non-source/support artifact"
"backend/data/beckett-sweep/2023/Topps-Holiday.json","D","Untracked non-core file requiring owner verification before discard",,"5/16/2026 10:42:25 PM","True","Non-source/support artifact"
"backend/data/beckett-sweep/2023/Topps-Museum-Collection.json","D","Untracked non-core file requiring owner verification before discard",,"5/16/2026 10:41:59 PM","True","Non-source/support artifact"
"backend/data/beckett-sweep/2023/Topps-Pro-Debut.json","D","Untracked non-core file requiring owner verification before discard",,"5/16/2026 10:42:31 PM","True","Non-source/support artifact"
"backend/data/beckett-sweep/2023/Topps-Stadium-Club.json","D","Untracked non-core file requiring owner verification before discard",,"5/16/2026 10:41:18 PM","True","Non-source/support artifact"
"backend/data/beckett-sweep/2023/Topps-Tier-One.json","D","Untracked non-core file requiring owner verification before discard",,"5/16/2026 10:41:39 PM","True","Non-source/support artifact"
"backend/data/beckett-sweep/2023/Topps-Tribute.json","D","Untracked non-core file requiring owner verification before discard",,"5/16/2026 10:42:35 PM","True","Non-source/support artifact"
"backend/data/beckett-sweep/2024/Bowman-Chrome.json","D","Untracked non-core file requiring owner verification before discard",,"5/16/2026 9:35:05 PM","True","Non-source/support artifact"
"backend/data/beckett-sweep/2024/Bowman-Draft.json","D","Untracked non-core file requiring owner verification before discard",,"5/16/2026 9:35:09 PM","True","Non-source/support artifact"
"backend/data/beckett-sweep/2024/Bowman-Mega.json","D","Untracked non-core file requiring owner verification before discard",,"5/16/2026 9:35:42 PM","True","Non-source/support artifact"
"backend/data/beckett-sweep/2024/Bowman-Sterling.json","D","Untracked non-core file requiring owner verification before discard",,"5/16/2026 9:35:09 PM","True","Non-source/support artifact"
"backend/data/beckett-sweep/2024/Bowman-s-Best.json","D","Untracked non-core file requiring owner verification before discard",,"5/16/2026 9:35:19 PM","True","Non-source/support artifact"
"backend/data/beckett-sweep/2024/Bowman.json","D","Untracked non-core file requiring owner verification before discard",,"5/16/2026 9:34:58 PM","True","Non-source/support artifact"
"backend/data/beckett-sweep/2024/Donruss.json","D","Untracked non-core file requiring owner verification before discard",,"5/16/2026 10:45:51 PM","True","Non-source/support artifact"
"backend/data/beckett-sweep/2024/Leaf-Metal.json","D","Untracked non-core file requiring owner verification before discard",,"5/16/2026 10:46:38 PM","True","Non-source/support artifact"
"backend/data/beckett-sweep/2024/Topps-Chrome.json","D","Untracked non-core file requiring owner verification before discard",,"5/16/2026 10:44:05 PM","True","Non-source/support artifact"
"backend/data/beckett-sweep/2024/Topps-Five-Star.json","D","Untracked non-core file requiring owner verification before discard",,"5/16/2026 10:44:58 PM","True","Non-source/support artifact"
"backend/data/beckett-sweep/2024/Topps-Heritage.json","D","Untracked non-core file requiring owner verification before discard",,"5/16/2026 10:44:09 PM","True","Non-source/support artifact"
"backend/data/beckett-sweep/2024/Topps-Holiday.json","D","Untracked non-core file requiring owner verification before discard",,"5/16/2026 10:45:30 PM","True","Non-source/support artifact"
"backend/data/beckett-sweep/2024/Topps-Stadium-Club.json","D","Untracked non-core file requiring owner verification before discard",,"5/16/2026 10:44:24 PM","True","Non-source/support artifact"
"backend/data/beckett-sweep/2024/Topps-Tier-One.json","D","Untracked non-core file requiring owner verification before discard",,"5/16/2026 10:44:45 PM","True","Non-source/support artifact"
"backend/data/beckett-sweep/2024/Topps-Tribute.json","D","Untracked non-core file requiring owner verification before discard",,"5/16/2026 10:45:42 PM","True","Non-source/support artifact"
"backend/data/beckett-sweep/2025/Bowman-Chrome.json","D","Untracked non-core file requiring owner verification before discard",,"5/16/2026 9:36:11 PM","True","Non-source/support artifact"
"backend/data/beckett-sweep/2025/Bowman-Draft.json","D","Untracked non-core file requiring owner verification before discard",,"5/16/2026 9:36:19 PM","True","Non-source/support artifact"
"backend/data/beckett-sweep/2025/Bowman-Mega.json","D","Untracked non-core file requiring owner verification before discard",,"5/16/2026 9:37:02 PM","True","Non-source/support artifact"
"backend/data/beckett-sweep/2025/Bowman.json","D","Untracked non-core file requiring owner verification before discard",,"5/16/2026 9:36:04 PM","True","Non-source/support artifact"
"backend/data/beckett-sweep/2025/Topps-Heritage.json","D","Untracked non-core file requiring owner verification before discard",,"5/16/2026 10:47:15 PM","True","Non-source/support artifact"
"backend/data/beckett-sweep/2025/Topps-Holiday.json","D","Untracked non-core file requiring owner verification before discard",,"5/16/2026 10:48:40 PM","True","Non-source/support artifact"
"backend/data/beckett-sweep/2025/Topps-Pro-Debut.json","D","Untracked non-core file requiring owner verification before discard",,"5/16/2026 10:48:46 PM","True","Non-source/support artifact"
"backend/data/beckett-sweep/2025/Topps-Tribute.json","D","Untracked non-core file requiring owner verification before discard",,"5/16/2026 10:48:49 PM","True","Non-source/support artifact"
"backend/data/beckett-sweep/2025/Topps-Update.json","D","Untracked non-core file requiring owner verification before discard",,"5/16/2026 10:47:09 PM","True","Non-source/support artifact"
"backend/data/beckett-sweep/2026/Bowman-Mega.json","D","Untracked non-core file requiring owner verification before discard",,"5/16/2026 9:39:07 PM","True","Non-source/support artifact"
"backend/data/beckett-sweep/2026/Bowman.json","D","Untracked non-core file requiring owner verification before discard",,"5/16/2026 9:37:41 PM","True","Non-source/support artifact"
"backend/data/beckett-sweep/2026/Donruss.json","D","Untracked non-core file requiring owner verification before discard",,"5/16/2026 10:52:05 PM","True","Non-source/support artifact"
"backend/data/beckett-sweep/REPORT-A3.md","D","Likely exploration/scratch artifact by name pattern",,"5/16/2026 10:53:29 PM","True","Markdown documentation draft"
"backend/data/beckett-sweep/REPORT.md","D","Likely exploration/scratch artifact by name pattern",,"5/16/2026 9:39:44 PM","True","Markdown documentation draft"
"backend/data/beckett-sweep/SUMMARY-A3.json","D","Untracked non-core file requiring owner verification before discard",,"5/16/2026 10:53:29 PM","True","Non-source/support artifact"
"backend/data/beckett-sweep/SUMMARY.json","D","Untracked non-core file requiring owner verification before discard",,"5/16/2026 9:39:44 PM","True","Non-source/support artifact"
"backend/data/beckett-sweep/unmatchedParallels-A3.json","D","Untracked non-core file requiring owner verification before discard",,"5/16/2026 10:53:29 PM","True","Non-source/support artifact"
"backend/data/beckett-sweep/unmatchedParallels.json","D","Untracked non-core file requiring owner verification before discard",,"5/16/2026 9:39:44 PM","True","Non-source/support artifact"
"backend/data/cardboard-connection-sweep/2022/Topps.json","E","Configuration or potential secret-bearing file (owner review required)",,"5/17/2026 5:44:00 AM","True","Non-source/support artifact"
"backend/data/cardboard-connection-sweep/REPORT.md","E","Configuration or potential secret-bearing file (owner review required)",,"5/17/2026 5:44:00 AM","True","Markdown documentation draft"
"backend/data/cardboard-connection-sweep/SUMMARY.json","E","Configuration or potential secret-bearing file (owner review required)",,"5/17/2026 5:44:00 AM","True","Non-source/support artifact"
"backend/data/cardboard-connection-sweep/unmatchedParallels.json","E","Configuration or potential secret-bearing file (owner review required)",,"5/17/2026 5:44:00 AM","True","Non-source/support artifact"
"backend/data/phase-c-2022-bowman-chrome/SUMMARY.json","D","Untracked non-core file requiring owner verification before discard",,"5/17/2026 8:19:48 AM","True","Non-source/support artifact"
"backend/data/phase-c-2022-bowman-chrome/eligibility/2022-Bowman-Chrome.json","D","Untracked non-core file requiring owner verification before discard",,"5/17/2026 8:19:48 AM","True","Non-source/support artifact"
"backend/docs/data-sources.md","C","Substantive source/test/doc candidate not preserved in known isolated PR branches",,"5/17/2026 7:50:27 AM","True","Markdown documentation draft"
"backend/docs/deployment/deploy-runbook.md","C","Substantive source/test/doc candidate not preserved in known isolated PR branches",,"5/17/2026 11:28:35 AM","True","Markdown documentation draft"
"backend/docs/deployment/existing-deployment-discovery.md","C","Substantive source/test/doc candidate not preserved in known isolated PR branches",,"5/17/2026 11:28:35 AM","True","Markdown documentation draft"
"backend/docs/deployment/phase-c-rollback-context.md","C","Substantive source/test/doc candidate not preserved in known isolated PR branches",,"5/17/2026 12:32:59 PM","True","Markdown documentation draft"
"backend/docs/investigations/2022-bowman-chrome-uncovered-parallels.md","C","Substantive source/test/doc candidate not preserved in known isolated PR branches",,"5/17/2026 8:34:09 AM","True","Markdown documentation draft"
"backend/docs/investigations/cardhedger-2019-topps-probe-samples.json","C","Substantive source/test/doc candidate not preserved in known isolated PR branches",,"5/17/2026 7:43:25 AM","True","Non-source/support artifact"
"backend/docs/investigations/cardhedger-2019-topps-probe.md","C","Substantive source/test/doc candidate not preserved in known isolated PR branches",,"5/17/2026 8:18:22 AM","True","Markdown documentation draft"
"backend/docs/investigations/cardhedger-client-surface.md","C","Substantive source/test/doc candidate not preserved in known isolated PR branches",,"5/17/2026 8:18:22 AM","True","Markdown documentation draft"
"backend/docs/investigations/ch-422-diagnostic-2026-05-17.md","C","Substantive source/test/doc candidate not preserved in known isolated PR branches",,"5/17/2026 9:50:29 AM","True","Markdown documentation draft"
"backend/docs/investigations/ch-422-reprobe-raw-2026-05-17.json","C","Substantive source/test/doc candidate not preserved in known isolated PR branches",,"5/17/2026 9:37:12 AM","True","Non-source/support artifact"
"backend/docs/investigations/comps-filter-drake-baldwin-2026-05-17.md","C","Substantive source/test/doc candidate not preserved in known isolated PR branches",,"5/17/2026 9:00:50 AM","True","Markdown documentation draft"
"backend/docs/investigations/drake-baldwin-live-probe-2026-05-17.md","C","Substantive source/test/doc candidate not preserved in known isolated PR branches",,"5/17/2026 9:30:34 AM","True","Markdown documentation draft"
"backend/docs/investigations/drake-baldwin-live-probe-raw-2026-05-17.json","C","Substantive source/test/doc candidate not preserved in known isolated PR branches",,"5/17/2026 9:14:26 AM","True","Non-source/support artifact"
"backend/docs/investigations/drake-baldwin-mechanism-1-rerun-2026-05-17.md","C","Substantive source/test/doc candidate not preserved in known isolated PR branches",,"5/17/2026 9:50:29 AM","True","Markdown documentation draft"
"backend/docs/investigations/drake-baldwin-mechanism-1-rerun-raw-2026-05-17.json","C","Substantive source/test/doc candidate not preserved in known isolated PR branches",,"5/17/2026 9:40:26 AM","True","Non-source/support artifact"
"backend/docs/investigations/drake-baldwin-mechanism-1-result.md","C","Substantive source/test/doc candidate not preserved in known isolated PR branches",,"5/17/2026 9:30:34 AM","True","Markdown documentation draft"
"backend/docs/investigations/drake-baldwin-peer-parallel-diagnostic-2026-05-17.md","C","Substantive source/test/doc candidate not preserved in known isolated PR branches",,"5/17/2026 9:30:34 AM","True","Markdown documentation draft"
"backend/docs/investigations/drake-baldwin-peer-parallel-inventory-2026-05-17.json","C","Substantive source/test/doc candidate not preserved in known isolated PR branches",,"5/17/2026 9:22:39 AM","True","Non-source/support artifact"
"backend/docs/investigations/drake-baldwin-revalidation-adr-0003.md","B","Exact content hash match in isolated branch(es): pr/phase3-engine, pr/mechanism-1-normalization-fix, pr/phase-3-contract-cleanup","pr/phase3-engine, pr/mechanism-1-normalization-fix, pr/phase-3-contract-cleanup","5/17/2026 9:00:50 AM","True","Markdown documentation draft"
"backend/docs/investigations/drake-baldwin-revalidation-raw-adr-0003.json","C","Substantive source/test/doc candidate not preserved in known isolated PR branches",,"5/17/2026 8:59:19 AM","True","Non-source/support artifact"
"backend/docs/investigations/drake-baldwin-validation-2026-05-17.md","C","Substantive source/test/doc candidate not preserved in known isolated PR branches",,"5/17/2026 9:00:50 AM","True","Markdown documentation draft"
"backend/docs/investigations/drake-baldwin-validation-raw-2026-05-17.json","C","Substantive source/test/doc candidate not preserved in known isolated PR branches",,"5/17/2026 8:34:46 AM","True","Non-source/support artifact"
"backend/docs/investigations/mechanism-1-alternate-candidate-scan-2026-05-17.json","C","Substantive source/test/doc candidate not preserved in known isolated PR branches",,"5/17/2026 9:26:56 AM","True","Non-source/support artifact"
"backend/docs/investigations/mechanism-1-alternate-validation-2026-05-17.md","C","Substantive source/test/doc candidate not preserved in known isolated PR branches",,"5/17/2026 9:30:34 AM","True","Markdown documentation draft"
"backend/docs/investigations/multiplier-table-2022-bowman-conflicts.json","C","Substantive source/test/doc candidate not preserved in known isolated PR branches",,"5/17/2026 8:19:59 AM","True","Non-source/support artifact"
"backend/docs/investigations/multiplier-table-2022-bowman-sanity-check.json","C","Substantive source/test/doc candidate not preserved in known isolated PR branches",,"5/17/2026 8:19:47 AM","True","Non-source/support artifact"
"backend/docs/investigations/multiplier-table-current-shape.md","C","Substantive source/test/doc candidate not preserved in known isolated PR branches",,"5/17/2026 8:18:22 AM","True","Markdown documentation draft"
"backend/docs/investigations/multiplier-table-extension-2022-bowman-report.md","C","Substantive source/test/doc candidate not preserved in known isolated PR branches",,"5/17/2026 8:34:09 AM","True","Markdown documentation draft"
"backend/docs/investigations/neighbor-synthesis-cleanup-pass.md","B","Exact content hash match in isolated branch(es): pr/phase3-engine, pr/mechanism-1-normalization-fix, pr/phase-3-contract-cleanup","pr/phase3-engine, pr/mechanism-1-normalization-fix, pr/phase-3-contract-cleanup","5/17/2026 9:08:56 AM","True","Swift enum/module value"
"backend/docs/investigations/vitest-baseline-failures.md","C","Substantive source/test/doc candidate not preserved in known isolated PR branches",,"5/16/2026 9:50:20 PM","True","Swift class named"
"backend/docs/investigations/wyatt-drake-cpa-coverage-gap-diagnostic.md","C","Substantive source/test/doc candidate not preserved in known isolated PR branches",,"5/17/2026 3:30:15 PM","True","Markdown documentation draft"
"backend/docs/phase-c-checklist.md","B","Exact content hash match in isolated branch(es): pr/phase3-engine, pr/mechanism-1-normalization-fix, pr/phase-3-contract-cleanup","pr/phase3-engine, pr/mechanism-1-normalization-fix, pr/phase-3-contract-cleanup","5/16/2026 9:54:06 PM","True","Markdown documentation draft"
"backend/flush-ch-cache-v2.mjs","D","Untracked non-core file requiring owner verification before discard",,"5/15/2026 9:46:47 PM","False","Non-source/support artifact"
"backend/harness-output.txt","D","Likely exploration/scratch artifact by name pattern",,"5/15/2026 6:05:26 AM","False","Non-source/support artifact"
"backend/inspect-mantle-keys.mjs","E","Configuration or potential secret-bearing file (owner review required)",,"5/15/2026 10:14:32 PM","False","Non-source/support artifact"
"backend/routes/alerts.js","D","Untracked non-core file requiring owner verification before discard",,"5/14/2026 10:18:13 AM","False","Source/support file (manual review)"
"backend/routes/ebay.js","D","Untracked non-core file requiring owner verification before discard",,"5/14/2026 10:18:13 AM","False","Source/support file (manual review)"
"backend/routes/ocr.js","D","Untracked non-core file requiring owner verification before discard",,"5/14/2026 10:18:13 AM","False","Source/support file (manual review)"
"backend/routes/portfolio.js","D","Untracked non-core file requiring owner verification before discard",,"5/14/2026 10:18:13 AM","False","Source/support file (manual review)"
"backend/routes/uploads.js","D","Untracked non-core file requiring owner verification before discard",,"5/14/2026 10:18:13 AM","False","Automated test/spec file"
"backend/routes/watchlist.js","D","Untracked non-core file requiring owner verification before discard",,"5/14/2026 10:18:13 AM","False","Source/support file (manual review)"
"backend/scan-lifecycle-policy.json","D","Untracked non-core file requiring owner verification before discard",,"5/14/2026 10:18:13 AM","False","Non-source/support artifact"
"backend/scripts/append_queue.ps1","D","Untracked non-core file requiring owner verification before discard",,"5/15/2026 8:52:41 PM","False","Non-source/support artifact"
"backend/scripts/create_issues.ps1","D","Untracked non-core file requiring owner verification before discard",,"5/15/2026 8:52:41 PM","False","Non-source/support artifact"
"backend/scripts/ensure_labels.ps1","D","Untracked non-core file requiring owner verification before discard",,"5/15/2026 8:51:34 PM","False","Non-source/support artifact"
"backend/scripts/flush-ch-cache-phase1.cjs","D","Untracked non-core file requiring owner verification before discard",,"5/16/2026 10:36:55 AM","False","Non-source/support artifact"
"backend/scripts/flush-ch-match.cjs","D","Untracked non-core file requiring owner verification before discard",,"5/15/2026 2:29:32 PM","False","Non-source/support artifact"
"backend/scripts/inspect_vintage.ps1","D","Untracked non-core file requiring owner verification before discard",,"5/15/2026 8:56:25 PM","False","Non-source/support artifact"
"backend/scripts/momentum_inspect.ps1","D","Untracked non-core file requiring owner verification before discard",,"5/15/2026 8:51:34 PM","False","Non-source/support artifact"
"backend/scripts/momentum_pool.ps1","D","Untracked non-core file requiring owner verification before discard",,"5/15/2026 8:51:34 PM","False","Non-source/support artifact"
"backend/scripts/momentum_probe.ps1","D","Likely exploration/scratch artifact by name pattern",,"5/15/2026 8:51:34 PM","False","Non-source/support artifact"
"backend/scripts/momentum_table.ps1","D","Untracked non-core file requiring owner verification before discard",,"5/15/2026 8:51:34 PM","False","Non-source/support artifact"
"backend/scripts/ocr-quality-report.js","D","Likely exploration/scratch artifact by name pattern",,"5/14/2026 10:18:13 AM","False","Automated test/spec file"
"backend/scripts/ocr-release-readiness.js","D","Untracked non-core file requiring owner verification before discard",,"5/14/2026 10:18:13 AM","False","Source/support file (manual review)"
"backend/scripts/parallels-2b-i-phase3-devries-curate.ts","D","Untracked non-core file requiring owner verification before discard",,"5/16/2026 7:05:10 PM","True","Automated test/spec file"
"backend/scripts/parallels-2b-i-phase3-devries-test.ts","D","Untracked non-core file requiring owner verification before discard",,"5/16/2026 7:46:22 PM","True","Automated test/spec file"
"backend/scripts/parallels-2b-i-phase3-rebuild-catalog.ts","D","Untracked non-core file requiring owner verification before discard",,"5/16/2026 7:40:30 PM","True","Automated test/spec file"
"backend/scripts/parallels-2b-i-skenes-stage3-tiers.ts","D","Untracked non-core file requiring owner verification before discard",,"5/16/2026 6:51:45 PM","True","Automated test/spec file"
"backend/scripts/parallels-2b-i-verify-probe.ts","D","Likely exploration/scratch artifact by name pattern",,"5/16/2026 2:40:31 PM","False","Automated test/spec file"
"backend/scripts/probe_vintage.ps1","D","Likely exploration/scratch artifact by name pattern",,"5/15/2026 8:54:47 PM","False","Non-source/support artifact"
"backend/scripts/run-beckett-sweep.ts","D","Untracked non-core file requiring owner verification before discard",,"5/17/2026 7:50:27 AM","True","Automated test/spec file"
"backend/scripts/update_issues.ps1","D","Untracked non-core file requiring owner verification before discard",,"5/15/2026 8:52:41 PM","False","Non-source/support artifact"
"backend/scripts/validate-beckett-2022-bowman.ts","D","Untracked non-core file requiring owner verification before discard",,"5/16/2026 8:45:36 PM","True","Automated test/spec file"
"backend/services/alertService.js","D","Untracked non-core file requiring owner verification before discard",,"5/14/2026 10:18:13 AM","False","Source/support file (manual review)"
"backend/services/appleAuthService.js","D","Untracked non-core file requiring owner verification before discard",,"5/14/2026 10:18:13 AM","False","Source/support file (manual review)"
"backend/services/cacheService.js","D","Untracked non-core file requiring owner verification before discard",,"5/14/2026 10:18:13 AM","False","Source/support file (manual review)"
"backend/services/ebayService.js","D","Untracked non-core file requiring owner verification before discard",,"5/14/2026 10:18:13 AM","False","Code module"
"backend/services/ocrService.js","D","Untracked non-core file requiring owner verification before discard",,"5/14/2026 10:18:13 AM","False","Automated test/spec file"
"backend/services/portfolioService.js","D","Untracked non-core file requiring owner verification before discard",,"5/14/2026 10:18:13 AM","False","Source/support file (manual review)"
"backend/services/pushService.js","D","Untracked non-core file requiring owner verification before discard",,"5/14/2026 10:18:13 AM","False","Source/support file (manual review)"
"backend/services/watchlistService.js","D","Untracked non-core file requiring owner verification before discard",,"5/14/2026 10:18:13 AM","False","Source/support file (manual review)"
"backend/src/agents/beckett/beckettChecklistFetcher.ts","C","Substantive source/test/doc candidate not preserved in known isolated PR branches",,"5/16/2026 8:45:36 PM","True","Source/support file (manual review)"
"backend/src/agents/beckett/beckettChecklistParser.ts","C","Substantive source/test/doc candidate not preserved in known isolated PR branches",,"5/16/2026 8:46:10 PM","True","Source/support file (manual review)"
"backend/src/agents/beckett/beckettUrlDiscovery.ts","C","Substantive source/test/doc candidate not preserved in known isolated PR branches",,"5/16/2026 10:20:22 PM","True","Code module"
"backend/src/agents/beckett/brandRegistry.ts","C","Substantive source/test/doc candidate not preserved in known isolated PR branches",,"5/17/2026 7:50:27 AM","True","Source/support file (manual review)"
"backend/src/agents/beckett/cardDedup.ts","C","Substantive source/test/doc candidate not preserved in known isolated PR branches",,"5/16/2026 9:09:11 PM","True","Source/support file (manual review)"
"backend/src/agents/beckett/parallelNameNormalizer.ts","C","Substantive source/test/doc candidate not preserved in known isolated PR branches",,"5/16/2026 10:20:22 PM","True","Source/support file (manual review)"
"backend/src/agents/beckett/sweepOrchestrator.ts","C","Substantive source/test/doc candidate not preserved in known isolated PR branches",,"5/17/2026 7:50:27 AM","True","Code module"
"backend/src/agents/cardboardConnection/cardboardConnectionFetcher.ts","E","Configuration or potential secret-bearing file (owner review required)",,"5/17/2026 7:50:27 AM","True","Swift class CardboardConnectionFetchError"
"backend/src/agents/cardboardConnection/cardboardConnectionParser.ts","E","Configuration or potential secret-bearing file (owner review required)",,"5/17/2026 7:50:27 AM","True","Code module"
"backend/src/agents/cardboardConnection/cardboardConnectionUrlDiscovery.ts","E","Configuration or potential secret-bearing file (owner review required)",,"5/17/2026 7:50:27 AM","True","Code module"
"backend/src/agents/multiplierAnchoredPredictedPrice.ts","B","Exact content hash match in isolated branch(es): pr/phase3-engine, pr/phase-3-contract-cleanup","pr/phase3-engine, pr/phase-3-contract-cleanup","5/17/2026 9:30:34 AM","True","Source/support file (manual review)"
"backend/src/curation/applyWorksheet.ts","C","Substantive source/test/doc candidate not preserved in known isolated PR branches",,"5/16/2026 9:25:10 PM","True","Source/support file (manual review)"
"backend/src/curation/curationOrchestrator.ts","C","Substantive source/test/doc candidate not preserved in known isolated PR branches",,"5/16/2026 9:26:19 PM","True","Source/support file (manual review)"
"backend/src/curation/eligibilityAnalyzer.ts","C","Substantive source/test/doc candidate not preserved in known isolated PR branches",,"5/17/2026 8:18:22 AM","True","Source/support file (manual review)"
"backend/src/curation/multiplierTableRegistry.ts","B","Exact content hash match in isolated branch(es): pr/phase3-engine, pr/mechanism-1-normalization-fix, pr/phase-3-contract-cleanup","pr/phase3-engine, pr/mechanism-1-normalization-fix, pr/phase-3-contract-cleanup","5/17/2026 8:18:22 AM","True","Source/support file (manual review)"
"backend/src/curation/worksheetGenerator.ts","C","Substantive source/test/doc candidate not preserved in known isolated PR branches",,"5/17/2026 8:18:22 AM","True","Source/support file (manual review)"
"backend/src/scripts/migrate-2024-bowman-chrome-prospects.ts","C","Substantive source/test/doc candidate not preserved in known isolated PR branches",,"5/16/2026 9:26:57 PM","True","Automated test/spec file"
"backend/src/scripts/verify-parallel-attributes-coverage.ts","C","Substantive source/test/doc candidate not preserved in known isolated PR branches",,"5/16/2026 9:27:04 PM","True","Source/support file (manual review)"
"backend/src/services/compiq/chromeDraftMultipliers.ts","B","Exact content hash match in isolated branch(es): pr/phase3-engine, pr/mechanism-1-normalization-fix, pr/phase-3-contract-cleanup","pr/phase3-engine, pr/mechanism-1-normalization-fix, pr/phase-3-contract-cleanup","5/17/2026 8:19:34 AM","True","Source/support file (manual review)"
"backend/src/services/compiq/parallelAttributesLookup.ts","B","Exact content hash match in isolated branch(es): pr/phase3-engine, pr/mechanism-1-normalization-fix, pr/phase-3-contract-cleanup","pr/phase3-engine, pr/mechanism-1-normalization-fix, pr/phase-3-contract-cleanup","5/16/2026 6:51:45 PM","True","Code module"
"backend/src/services/compiq/peerPoolBuilder.ts","B","Exact content hash match in isolated branch(es): pr/phase3-engine, pr/mechanism-1-normalization-fix, pr/phase-3-contract-cleanup","pr/phase3-engine, pr/mechanism-1-normalization-fix, pr/phase-3-contract-cleanup","5/16/2026 6:51:45 PM","True","Source/support file (manual review)"
"backend/src/services/compiq/predictedRangeMultiplierAnchored.ts","B","Exact content hash match in isolated branch(es): pr/phase3-engine, pr/mechanism-1-normalization-fix, pr/phase-3-contract-cleanup","pr/phase3-engine, pr/mechanism-1-normalization-fix, pr/phase-3-contract-cleanup","5/16/2026 7:34:11 PM","True","Source/support file (manual review)"
"backend/src/services/compiq/predictedRangeTierAnchored.ts","B","Exact content hash match in isolated branch(es): pr/phase3-engine, pr/mechanism-1-normalization-fix, pr/phase-3-contract-cleanup","pr/phase3-engine, pr/mechanism-1-normalization-fix, pr/phase-3-contract-cleanup","5/16/2026 6:31:05 PM","True","Source/support file (manual review)"
"backend/src/services/compiq/tierMultipliers.ts","B","Exact content hash match in isolated branch(es): pr/phase3-engine, pr/mechanism-1-normalization-fix, pr/phase-3-contract-cleanup","pr/phase3-engine, pr/mechanism-1-normalization-fix, pr/phase-3-contract-cleanup","5/16/2026 6:28:49 PM","True","Code module"
"backend/src/services/dailyiq/dailyScore.service.ts","C","Substantive source/test/doc candidate not preserved in known isolated PR branches",,"5/16/2026 11:53:39 PM","True","Code module"
"backend/src/services/dailyiq/marketDelta.service.ts","C","Substantive source/test/doc candidate not preserved in known isolated PR branches",,"5/16/2026 11:54:20 PM","True","Source/support file (manual review)"
"backend/src/services/dailyiq/movement.service.ts","C","Substantive source/test/doc candidate not preserved in known isolated PR branches",,"5/17/2026 12:04:59 AM","True","Code module"
"backend/src/services/sportsCardsPro/client.ts","C","Substantive source/test/doc candidate not preserved in known isolated PR branches",,"5/16/2026 6:13:41 PM","True","Swift class SportsCardsProAuthError"
"backend/tests/applyWorksheet.test.ts","C","Substantive source/test/doc candidate not preserved in known isolated PR branches",,"5/16/2026 9:30:20 PM","True","Automated test/spec file"
"backend/tests/beckettChecklistParser.test.ts","C","Substantive source/test/doc candidate not preserved in known isolated PR branches",,"5/16/2026 8:46:10 PM","True","Automated test/spec file"
"backend/tests/beckettUrlDiscovery.test.ts","C","Substantive source/test/doc candidate not preserved in known isolated PR branches",,"5/16/2026 9:09:11 PM","True","Automated test/spec file"
"backend/tests/cardDedup.test.ts","C","Substantive source/test/doc candidate not preserved in known isolated PR branches",,"5/16/2026 9:09:11 PM","True","Automated test/spec file"
"backend/tests/cardboardConnectionFetcher.test.ts","E","Configuration or potential secret-bearing file (owner review required)",,"5/17/2026 7:50:27 AM","True","Automated test/spec file"
"backend/tests/cardboardConnectionParser.test.ts","E","Configuration or potential secret-bearing file (owner review required)",,"5/17/2026 7:50:27 AM","True","Automated test/spec file"
"backend/tests/cardboardConnectionUrlDiscovery.test.ts","E","Configuration or potential secret-bearing file (owner review required)",,"5/17/2026 7:50:27 AM","True","Automated test/spec file"
"backend/tests/compiq/chromeDraftMultipliers.test.ts","B","Exact content hash match in isolated branch(es): pr/phase3-engine, pr/mechanism-1-normalization-fix, pr/phase-3-contract-cleanup","pr/phase3-engine, pr/mechanism-1-normalization-fix, pr/phase-3-contract-cleanup","5/17/2026 8:19:34 AM","True","Automated test/spec file"
"backend/tests/compiq/predictedRangeMultiplierAnchored.test.ts","B","Exact content hash match in isolated branch(es): pr/phase3-engine, pr/mechanism-1-normalization-fix, pr/phase-3-contract-cleanup","pr/phase3-engine, pr/mechanism-1-normalization-fix, pr/phase-3-contract-cleanup","5/16/2026 7:35:23 PM","True","Automated test/spec file"
"backend/tests/curationOrchestrator.test.ts","C","Substantive source/test/doc candidate not preserved in known isolated PR branches",,"5/16/2026 9:31:48 PM","True","Automated test/spec file"
"backend/tests/drakeBaldwinIntegration.test.ts","B","Exact content hash match in isolated branch(es): pr/phase3-engine, pr/phase-3-contract-cleanup","pr/phase3-engine, pr/phase-3-contract-cleanup","5/17/2026 9:30:34 AM","True","Automated test/spec file"
"backend/tests/eligibilityAnalyzer.test.ts","C","Substantive source/test/doc candidate not preserved in known isolated PR branches",,"5/17/2026 7:50:27 AM","True","Automated test/spec file"
"backend/tests/fixtures/beckett/2022-Bowman-Baseball-Checklist-2.xlsx","C","Substantive source/test/doc candidate not preserved in known isolated PR branches",,"5/16/2026 8:38:15 PM","True","Non-source/support artifact"
"backend/tests/fixtures/cardboard-connection/2022-Topps-Series-1-Baseball-checklist-Excel-spreadsheet.trimmed.xlsx","E","Configuration or potential secret-bearing file (owner review required)",,"5/17/2026 5:42:25 AM","True","Non-source/support artifact"
"backend/tests/multiplierAnchoredPredictedPrice.test.ts","B","Exact content hash match in isolated branch(es): pr/phase3-engine, pr/phase-3-contract-cleanup","pr/phase3-engine, pr/phase-3-contract-cleanup","5/17/2026 9:30:34 AM","True","Automated test/spec file"
"backend/tests/multiplierTableRegistry.test.ts","B","Exact content hash match in isolated branch(es): pr/phase3-engine, pr/phase-3-contract-cleanup","pr/phase3-engine, pr/phase-3-contract-cleanup","5/17/2026 8:19:34 AM","True","Automated test/spec file"
"backend/tests/parallelAttributesSchema.test.ts","C","Substantive source/test/doc candidate not preserved in known isolated PR branches",,"5/16/2026 9:30:20 PM","True","Automated test/spec file"
"backend/tests/parallelNameNormalizer.test.ts","C","Substantive source/test/doc candidate not preserved in known isolated PR branches",,"5/16/2026 9:09:11 PM","True","Automated test/spec file"
"backend/tests/peerPoolBuilder.test.ts","B","Exact content hash match in isolated branch(es): pr/phase3-engine, pr/mechanism-1-normalization-fix, pr/phase-3-contract-cleanup","pr/phase3-engine, pr/mechanism-1-normalization-fix, pr/phase-3-contract-cleanup","5/16/2026 6:51:45 PM","True","Automated test/spec file"
"backend/tests/predictedRangeTierAnchored.test.ts","B","Exact content hash match in isolated branch(es): pr/phase3-engine, pr/mechanism-1-normalization-fix, pr/phase-3-contract-cleanup","pr/phase3-engine, pr/mechanism-1-normalization-fix, pr/phase-3-contract-cleanup","5/16/2026 6:34:48 PM","True","Automated test/spec file"
"backend/tests/sourceCitation.test.ts","C","Substantive source/test/doc candidate not preserved in known isolated PR branches",,"5/17/2026 7:50:27 AM","True","Automated test/spec file"
"backend/tests/sweepOrchestrator.test.ts","C","Substantive source/test/doc candidate not preserved in known isolated PR branches",,"5/16/2026 9:09:11 PM","True","Automated test/spec file"
"backend/tests/tierMultipliers.test.ts","C","Substantive source/test/doc candidate not preserved in known isolated PR branches",,"5/16/2026 6:29:49 PM","True","Automated test/spec file"
"backend/tests/worksheetGenerator.test.ts","C","Substantive source/test/doc candidate not preserved in known isolated PR branches",,"5/16/2026 9:28:18 PM","True","Automated test/spec file"
"backend/unit-suite-output.txt","D","Likely exploration/scratch artifact by name pattern",,"5/15/2026 6:05:14 AM","False","Non-source/support artifact"
"bodine-response.json","D","Likely exploration/scratch artifact by name pattern",,"5/15/2026 8:26:47 AM","False","Non-source/support artifact"
"body.json","D","Likely exploration/scratch artifact by name pattern",,"5/12/2026 2:33:33 PM","False","Non-source/support artifact"
"bowman-draft-dryrun.txt","D","Likely exploration/scratch artifact by name pattern",,"5/16/2026 3:18:11 PM","False","Non-source/support artifact"
"case-19b-full-grade-present.json","D","Untracked non-core file requiring owner verification before discard",,"5/15/2026 11:28:44 AM","False","Non-source/support artifact"
"cc-bowman-chrome.html","D","Untracked non-core file requiring owner verification before discard",,"5/16/2026 3:13:33 PM","False","Non-source/support artifact"
"cc-bowman-draft.html","D","Untracked non-core file requiring owner verification before discard",,"5/16/2026 3:18:01 PM","False","Non-source/support artifact"
"cc-bowman.html","D","Untracked non-core file requiring owner verification before discard",,"5/16/2026 3:13:39 PM","False","Non-source/support artifact"
"compiq-functions/.funcignore","C","Substantive source/test/doc candidate not preserved in known isolated PR branches",,"5/13/2026 8:01:36 AM","False","Non-source/support artifact"
"compiq-functions/README.md","C","Substantive source/test/doc candidate not preserved in known isolated PR branches",,"5/10/2026 8:22:31 AM","False","Markdown documentation draft"
"compiq-functions/fn-backtest-runner/__init__.py","C","Substantive source/test/doc candidate not preserved in known isolated PR branches",,"5/10/2026 11:30:22 AM","False","Non-source/support artifact"
"compiq-functions/fn-backtest-runner/function.json","C","Substantive source/test/doc candidate not preserved in known isolated PR branches",,"5/10/2026 11:30:22 AM","False","Non-source/support artifact"
"compiq-functions/fn-cardhedge-comps/__init__.py","C","Substantive source/test/doc candidate not preserved in known isolated PR branches",,"5/10/2026 9:28:14 AM","False","Non-source/support artifact"
"compiq-functions/fn-cardhedge-comps/function.json","C","Substantive source/test/doc candidate not preserved in known isolated PR branches",,"5/10/2026 9:28:11 AM","False","Non-source/support artifact"
"compiq-functions/fn-cardhedge-comps/function.py","C","Substantive source/test/doc candidate not preserved in known isolated PR branches",,"5/10/2026 9:28:11 AM","False","Non-source/support artifact"
"compiq-functions/fn-ebay-signals/__init__.py","C","Substantive source/test/doc candidate not preserved in known isolated PR branches",,"5/10/2026 8:22:31 AM","False","Non-source/support artifact"
"compiq-functions/fn-ebay-signals/function.json","C","Substantive source/test/doc candidate not preserved in known isolated PR branches",,"5/10/2026 8:12:40 AM","False","Non-source/support artifact"
"compiq-functions/fn-ebay-signals/function.py","C","Substantive source/test/doc candidate not preserved in known isolated PR branches",,"5/10/2026 8:28:03 AM","False","Non-source/support artifact"
"compiq-functions/fn-news-signals/__init__.py","C","Substantive source/test/doc candidate not preserved in known isolated PR branches",,"5/10/2026 8:22:31 AM","False","Non-source/support artifact"
"compiq-functions/fn-news-signals/function.json","C","Substantive source/test/doc candidate not preserved in known isolated PR branches",,"5/10/2026 8:14:33 AM","False","Non-source/support artifact"
"compiq-functions/fn-news-signals/function.py","C","Substantive source/test/doc candidate not preserved in known isolated PR branches",,"5/10/2026 8:22:31 AM","False","Non-source/support artifact"
"compiq-functions/fn-nightly-comp-prefetch/__init__.py","C","Substantive source/test/doc candidate not preserved in known isolated PR branches",,"5/10/2026 9:33:12 AM","False","Non-source/support artifact"
"compiq-functions/fn-nightly-comp-prefetch/__pycache__/function.cpython-314.pyc","C","Substantive source/test/doc candidate not preserved in known isolated PR branches",,"5/11/2026 8:53:01 PM","False","Non-source/support artifact"
"compiq-functions/fn-nightly-comp-prefetch/function.json","C","Substantive source/test/doc candidate not preserved in known isolated PR branches",,"5/10/2026 9:29:47 AM","False","Non-source/support artifact"
"compiq-functions/fn-nightly-comp-prefetch/function.py","C","Substantive source/test/doc candidate not preserved in known isolated PR branches",,"5/11/2026 8:52:57 PM","False","Non-source/support artifact"
"compiq-functions/fn-odds-signals/__init__.py","C","Substantive source/test/doc candidate not preserved in known isolated PR branches",,"5/10/2026 8:14:01 AM","False","Non-source/support artifact"
"compiq-functions/fn-odds-signals/function.json","C","Substantive source/test/doc candidate not preserved in known isolated PR branches",,"5/10/2026 8:22:31 AM","False","Non-source/support artifact"
"compiq-functions/fn-odds-signals/function.py","C","Substantive source/test/doc candidate not preserved in known isolated PR branches",,"5/10/2026 8:13:57 AM","False","Non-source/support artifact"
"compiq-functions/fn-player-score-refresh/__init__.py","C","Substantive source/test/doc candidate not preserved in known isolated PR branches",,"5/11/2026 3:15:25 PM","False","Non-source/support artifact"
"compiq-functions/fn-player-score-refresh/function.json","C","Substantive source/test/doc candidate not preserved in known isolated PR branches",,"5/11/2026 3:15:25 PM","False","Non-source/support artifact"
"compiq-functions/fn-price-alert-checker/__init__.py","C","Substantive source/test/doc candidate not preserved in known isolated PR branches",,"5/10/2026 1:28:43 PM","False","Non-source/support artifact"
"compiq-functions/fn-price-alert-checker/function.json","C","Substantive source/test/doc candidate not preserved in known isolated PR branches",,"5/10/2026 1:22:13 PM","False","Non-source/support artifact"
"compiq-functions/fn-price-floor/__init__.py","C","Substantive source/test/doc candidate not preserved in known isolated PR branches",,"5/10/2026 8:28:03 AM","False","Non-source/support artifact"
"compiq-functions/fn-price-floor/function.json","C","Substantive source/test/doc candidate not preserved in known isolated PR branches",,"5/10/2026 8:28:03 AM","False","Non-source/support artifact"
"compiq-functions/fn-reddit-signals/__init__.py","C","Substantive source/test/doc candidate not preserved in known isolated PR branches",,"5/10/2026 8:22:31 AM","False","Non-source/support artifact"
"compiq-functions/fn-reddit-signals/function.json","C","Substantive source/test/doc candidate not preserved in known isolated PR branches",,"5/10/2026 8:22:31 AM","False","Non-source/support artifact"
"compiq-functions/fn-reddit-signals/function.py","C","Substantive source/test/doc candidate not preserved in known isolated PR branches",,"5/10/2026 8:22:31 AM","False","Non-source/support artifact"
"compiq-functions/fn-search-intent/__init__.py","C","Substantive source/test/doc candidate not preserved in known isolated PR branches",,"5/10/2026 12:10:00 PM","False","Non-source/support artifact"
"compiq-functions/fn-search-intent/function.json","C","Substantive source/test/doc candidate not preserved in known isolated PR branches",,"5/10/2026 12:06:55 PM","False","Non-source/support artifact"
"compiq-functions/fn-serve-signals/__init__.py","C","Substantive source/test/doc candidate not preserved in known isolated PR branches",,"5/10/2026 8:22:31 AM","False","Non-source/support artifact"
"compiq-functions/fn-serve-signals/function.json","C","Substantive source/test/doc candidate not preserved in known isolated PR branches",,"5/10/2026 8:22:31 AM","False","Non-source/support artifact"
"compiq-functions/fn-signal-aggregator/__init__.py","C","Substantive source/test/doc candidate not preserved in known isolated PR branches",,"5/10/2026 8:22:31 AM","False","Non-source/support artifact"
"compiq-functions/fn-signal-aggregator/function.json","C","Substantive source/test/doc candidate not preserved in known isolated PR branches",,"5/10/2026 8:22:31 AM","False","Non-source/support artifact"
"compiq-functions/fn-signal-aggregator/function.py","C","Substantive source/test/doc candidate not preserved in known isolated PR branches",,"5/10/2026 9:43:38 AM","False","Non-source/support artifact"
"compiq-functions/fn-stats-signals/__init__.py","C","Substantive source/test/doc candidate not preserved in known isolated PR branches",,"5/10/2026 8:14:29 AM","False","Non-source/support artifact"
"compiq-functions/fn-stats-signals/function.json","C","Substantive source/test/doc candidate not preserved in known isolated PR branches",,"5/10/2026 8:14:04 AM","False","Non-source/support artifact"
"compiq-functions/fn-stats-signals/function.py","C","Substantive source/test/doc candidate not preserved in known isolated PR branches",,"5/10/2026 8:14:23 AM","False","Non-source/support artifact"
"compiq-functions/fn-trends-signals/__init__.py","C","Substantive source/test/doc candidate not preserved in known isolated PR branches",,"5/10/2026 8:22:31 AM","False","Non-source/support artifact"
"compiq-functions/fn-trends-signals/function.json","C","Substantive source/test/doc candidate not preserved in known isolated PR branches",,"5/10/2026 8:22:31 AM","False","Non-source/support artifact"
"compiq-functions/fn-trends-signals/function.py","C","Substantive source/test/doc candidate not preserved in known isolated PR branches",,"5/10/2026 8:22:31 AM","False","Non-source/support artifact"
"compiq-functions/fn-youtube-signals/__init__.py","C","Substantive source/test/doc candidate not preserved in known isolated PR branches",,"5/10/2026 9:43:38 AM","False","Non-source/support artifact"
"compiq-functions/fn-youtube-signals/function.json","C","Substantive source/test/doc candidate not preserved in known isolated PR branches",,"5/10/2026 9:43:38 AM","False","Non-source/support artifact"
"compiq-functions/fn-youtube-signals/function.py","C","Substantive source/test/doc candidate not preserved in known isolated PR branches",,"5/10/2026 9:43:38 AM","False","Non-source/support artifact"
"compiq-functions/host.json","C","Substantive source/test/doc candidate not preserved in known isolated PR branches",,"5/10/2026 8:12:40 AM","False","Non-source/support artifact"
"compiq-functions/local.settings.json.example","C","Substantive source/test/doc candidate not preserved in known isolated PR branches",,"5/10/2026 8:12:40 AM","False","Non-source/support artifact"
"compiq-functions/requirements.txt","C","Substantive source/test/doc candidate not preserved in known isolated PR branches",,"5/10/2026 12:57:53 PM","False","Non-source/support artifact"
"compiq-functions/shared/__init__.py","C","Substantive source/test/doc candidate not preserved in known isolated PR branches",,"5/10/2026 8:23:48 AM","False","Non-source/support artifact"
"compiq-functions/shared/__pycache__/__init__.cpython-314.pyc","C","Substantive source/test/doc candidate not preserved in known isolated PR branches",,"5/11/2026 8:52:40 PM","False","Non-source/support artifact"
"compiq-functions/shared/__pycache__/cardhedge.cpython-314.pyc","C","Substantive source/test/doc candidate not preserved in known isolated PR branches",,"5/11/2026 8:53:00 PM","False","Non-source/support artifact"
"compiq-functions/shared/card_modifiers.py","C","Substantive source/test/doc candidate not preserved in known isolated PR branches",,"5/10/2026 9:43:38 AM","False","Non-source/support artifact"
"compiq-functions/shared/cardhedge.py","C","Substantive source/test/doc candidate not preserved in known isolated PR branches",,"5/10/2026 10:10:35 AM","False","Non-source/support artifact"
"compiq-functions/shared/career_arc.py","C","Substantive source/test/doc candidate not preserved in known isolated PR branches",,"5/10/2026 9:43:38 AM","False","Non-source/support artifact"
"compiq-functions/shared/cosmos_floor.py","C","Substantive source/test/doc candidate not preserved in known isolated PR branches",,"5/10/2026 9:29:07 AM","False","Non-source/support artifact"
"compiq-functions/shared/ebay_auth.py","C","Substantive source/test/doc candidate not preserved in known isolated PR branches",,"5/10/2026 8:28:03 AM","False","Non-source/support artifact"
"compiq-functions/shared/pack_calendar.py","C","Substantive source/test/doc candidate not preserved in known isolated PR branches",,"5/10/2026 9:43:38 AM","False","Non-source/support artifact"
"compiq-functions/shared/playoff_calendar.py","C","Substantive source/test/doc candidate not preserved in known isolated PR branches",,"5/10/2026 9:43:38 AM","False","Non-source/support artifact"
"compiq-functions/shared/psa_pop.py","C","Substantive source/test/doc candidate not preserved in known isolated PR branches",,"5/10/2026 9:43:38 AM","False","Non-source/support artifact"
"compiq-functions/shared/show_calendar.py","C","Substantive source/test/doc candidate not preserved in known isolated PR branches",,"5/10/2026 8:23:48 AM","False","Non-source/support artifact"
"docs/adr/0001-phase-3-predictive-range.md","B","Exact content hash match in isolated branch(es): pr/phase3-engine, pr/mechanism-1-normalization-fix, pr/phase-3-contract-cleanup","pr/phase3-engine, pr/mechanism-1-normalization-fix, pr/phase-3-contract-cleanup","5/16/2026 9:36:53 PM","True","Markdown documentation draft"
"docs/pr2.5-manifest.txt","D","Untracked non-core file requiring owner verification before discard",,"5/14/2026 10:48:47 AM","False","Non-source/support artifact"
"docs/triage-issue-pr2.5.md","C","Substantive source/test/doc candidate not preserved in known isolated PR branches",,"5/14/2026 10:47:16 AM","False","Markdown documentation draft"
"estimate.json","D","Untracked non-core file requiring owner verification before discard",,"5/13/2026 11:14:54 PM","False","Non-source/support artifact"
"frontend/src/AlertStore.swift","C","Substantive source/test/doc candidate not preserved in known isolated PR branches",,"5/7/2026 7:12:09 PM","False","Swift class AlertStore"
"frontend/src/AppRouter.swift","C","Substantive source/test/doc candidate not preserved in known isolated PR branches",,"5/7/2026 7:12:09 PM","False","Swift class AppRouter"
"frontend/src/EbayConnectView.swift","E","Configuration or potential secret-bearing file (owner review required)",,"5/8/2026 2:53:10 PM","False","Swift class EbayAccountStore"
"frontend/src/EbayListingDraftView.swift","C","Substantive source/test/doc candidate not preserved in known isolated PR branches",,"5/8/2026 8:26:11 PM","False","SwiftUI View struct EbayListingDraftView"
"frontend/src/PortfolioService.swift","C","Substantive source/test/doc candidate not preserved in known isolated PR branches",,"5/10/2026 1:39:11 PM","False","Swift class PortfolioService"
"frontend/src/PriceAlert.swift","C","Substantive source/test/doc candidate not preserved in known isolated PR branches",,"5/11/2026 10:13:02 AM","False","Swift enum/module PriceAlertDirection"
"frontend/src/PriceAlertService.swift","C","Substantive source/test/doc candidate not preserved in known isolated PR branches",,"5/11/2026 10:14:54 AM","False","Swift class PriceAlertService"
"frontend/src/SetAlertView.swift","C","Substantive source/test/doc candidate not preserved in known isolated PR branches",,"5/10/2026 1:28:43 PM","False","SwiftUI View struct SetAlertView"
"frontend/src/SignInView.swift","C","Substantive source/test/doc candidate not preserved in known isolated PR branches",,"5/12/2026 12:51:31 PM","False","SwiftUI View struct SignInView"
"frontend/src/WatchlistService.swift","C","Substantive source/test/doc candidate not preserved in known isolated PR branches",,"5/10/2026 1:32:44 PM","False","Swift enum/module CodingKeys"
"harness-output-issue6.txt","D","Likely exploration/scratch artifact by name pattern",,"5/15/2026 10:33:57 AM","False","Non-source/support artifact"
"harness-output.txt","D","Likely exploration/scratch artifact by name pattern",,"5/14/2026 12:37:45 PM","False","Non-source/support artifact"
"mcp-server/backtest.ts","C","Substantive source/test/doc candidate not preserved in known isolated PR branches",,"5/10/2026 12:10:00 PM","False","Source/support file (manual review)"
"mcp-server/body.json","C","Substantive source/test/doc candidate not preserved in known isolated PR branches",,"5/12/2026 2:54:22 PM","False","Non-source/support artifact"
"mcp-server/cardModifiers.ts","C","Substantive source/test/doc candidate not preserved in known isolated PR branches",,"5/10/2026 9:43:38 AM","False","Code module"
"mcp-server/cardhedge.ts","C","Substantive source/test/doc candidate not preserved in known isolated PR branches",,"5/10/2026 11:41:06 AM","False","Source/support file (manual review)"
"mcp-server/catalystCalendar.ts","C","Substantive source/test/doc candidate not preserved in known isolated PR branches",,"5/10/2026 11:14:51 AM","False","Code module"
"mcp-server/compsAnalytics.ts","C","Substantive source/test/doc candidate not preserved in known isolated PR branches",,"5/10/2026 11:14:51 AM","False","Code module"
"mcp-server/compsLoader.ts","C","Substantive source/test/doc candidate not preserved in known isolated PR branches",,"5/12/2026 4:02:30 PM","False","Code module"
"mcp-server/deploy-log.txt","C","Substantive source/test/doc candidate not preserved in known isolated PR branches",,"5/10/2026 10:25:17 AM","False","Non-source/support artifact"
"mcp-server/package-lock.json","C","Substantive source/test/doc candidate not preserved in known isolated PR branches",,"5/10/2026 10:54:41 AM","False","Non-source/support artifact"
"mcp-server/package.json","C","Substantive source/test/doc candidate not preserved in known isolated PR branches",,"5/10/2026 10:54:41 AM","False","Non-source/support artifact"
"mcp-server/predictionLog.ts","C","Substantive source/test/doc candidate not preserved in known isolated PR branches",,"5/10/2026 11:14:51 AM","False","Source/support file (manual review)"
"mcp-server/pricing.ts","C","Substantive source/test/doc candidate not preserved in known isolated PR branches",,"5/12/2026 4:02:30 PM","False","Source/support file (manual review)"
"mcp-server/scripts/query-predictions.cjs","C","Substantive source/test/doc candidate not preserved in known isolated PR branches",,"5/10/2026 11:08:00 AM","False","Non-source/support artifact"
"mcp-server/server.ts","C","Substantive source/test/doc candidate not preserved in known isolated PR branches",,"5/12/2026 4:02:30 PM","False","Automated test/spec file"
"mcp-server/tsconfig.json","C","Substantive source/test/doc candidate not preserved in known isolated PR branches",,"5/10/2026 2:36:44 PM","False","Non-source/support artifact"
"ohtani.json","D","Untracked non-core file requiring owner verification before discard",,"5/10/2026 10:13:23 AM","False","Non-source/support artifact"
"ops-report.json","D","Likely exploration/scratch artifact by name pattern",,"5/13/2026 10:35:52 AM","False","Non-source/support artifact"
"ops-tail.txt","D","Likely exploration/scratch artifact by name pattern",,"5/13/2026 12:58:18 PM","False","Non-source/support artifact"
"raw.json","D","Likely exploration/scratch artifact by name pattern",,"5/13/2026 11:15:27 PM","False","Non-source/support artifact"
"response.json","D","Likely exploration/scratch artifact by name pattern",,"5/12/2026 2:33:38 PM","False","Non-source/support artifact"
"root-worktree-inventory-2026-05-17.md","D","Untracked non-core file requiring owner verification before discard",,"5/17/2026 4:02:29 PM","True","Markdown documentation draft"
"scan-smells.ps1","D","Untracked non-core file requiring owner verification before discard",,"5/14/2026 10:40:02 AM","False","Non-source/support artifact"
"scripts/smoke-watchlist.ps1","D","Untracked non-core file requiring owner verification before discard",,"5/10/2026 2:22:23 PM","False","Non-source/support artifact"
"scripts/verify-pr12.ps1","D","Untracked non-core file requiring owner verification before discard",,"5/15/2026 11:24:49 AM","False","Non-source/support artifact"
"tier1-local-output.txt","D","Likely exploration/scratch artifact by name pattern",,"5/15/2026 12:51:21 PM","False","Non-source/support artifact"
"tmp_extract/package-lock.json","A","Build artifact / workspace-local state / IDE or temp output",,"5/11/2026 2:10:16 PM","False","Non-source/support artifact"
"tmp_extract/package.json","A","Build artifact / workspace-local state / IDE or temp output",,"5/11/2026 2:11:24 PM","False","Non-source/support artifact"
"tmp_inventory_report.ps1","D","Likely exploration/scratch artifact by name pattern",,"5/17/2026 3:59:11 PM","True","Non-source/support artifact"
"unit-suite-output.txt","D","Likely exploration/scratch artifact by name pattern",,"5/14/2026 12:44:13 PM","False","Non-source/support artifact"
"untracked-list-2026-05-17.txt","D","Untracked non-core file requiring owner verification before discard",,"5/17/2026 4:05:50 PM","True","Non-source/support artifact"
"worktrees/phase3-engine-pr/","A","Build artifact / workspace-local state / IDE or temp output",,"5/17/2026 11:44:44 AM","True","Directory"
